Target Language,Chinese_Simplified,Dutch,English,German,Russian
Chinese_Simplified,,0.15711462450592886,0.41106719367588934,0.18873517786561264,0.05434782608695652
Dutch,0.39624505928853754,,0.8853754940711462,0.6126482213438735,0.10474308300395258
English,0.8982213438735178,0.8191699604743083,,0.7905138339920948,0.33201581027667987
German,0.25691699604743085,0.35375494071146246,0.6679841897233202,,0.06126482213438735
Russian,0.05039525691699605,0.044466403162055336,0.849802371541502,0.29545454545454547,
