Target Language,Chinese_Simplified,Dutch,German,Russian
English,0.8982213438735178,0.8191699604743083,0.7905138339920948,0.33201581027667987
