Target Language,Compared Language,Avg Recall@1,Avg Recall@k
English,Chinese_Simplified,0.7984189723320159,0.8982213438735178
English,Russian,0.28063241106719367,0.33201581027667987
English,Dutch,0.7193675889328063,0.8191699604743083
English,German,0.708498023715415,0.7905138339920948
